{
  "minecraft:acacia_boat": {
    "runtime_id": 379,
    "component_based": false
  },
  "minecraft:acacia_button": {
    "runtime_id": -140,
    "component_based": false
  },
  "minecraft:acacia_door": {
    "runtime_id": 556,
    "component_based": false
  },
  "minecraft:acacia_fence_gate": {
    "runtime_id": 187,
    "component_based": false
  },
  "minecraft:acacia_pressure_plate": {
    "runtime_id": -150,
    "component_based": false
  },
  "minecraft:acacia_sign": {
    "runtime_id": 579,
    "component_based": false
  },
  "minecraft:acacia_stairs": {
    "runtime_id": 163,
    "component_based": false
  },
  "minecraft:acacia_standing_sign": {
    "runtime_id": -190,
    "component_based": false
  },
  "minecraft:acacia_trapdoor": {
    "runtime_id": -145,
    "component_based": false
  },
  "minecraft:acacia_wall_sign": {
    "runtime_id": -191,
    "component_based": false
  },
  "minecraft:activator_rail": {
    "runtime_id": 126,
    "component_based": false
  },
  "minecraft:agent_spawn_egg": {
    "runtime_id": 487,
    "component_based": false
  },
  "minecraft:air": {
    "runtime_id": -158,
    "component_based": false
  },
  "minecraft:allow": {
    "runtime_id": 210,
    "component_based": false
  },
  "minecraft:amethyst_block": {
    "runtime_id": -327,
    "component_based": false
  },
  "minecraft:amethyst_cluster": {
    "runtime_id": -329,
    "component_based": false
  },
  "minecraft:amethyst_shard": {
    "runtime_id": 624,
    "component_based": false
  },
  "minecraft:ancient_debris": {
    "runtime_id": -271,
    "component_based": false
  },
  "minecraft:andesite_stairs": {
    "runtime_id": -171,
    "component_based": false
  },
  "minecraft:anvil": {
    "runtime_id": 145,
    "component_based": false
  },
  "minecraft:apple": {
    "runtime_id": 257,
    "component_based": false
  },
  "minecraft:armor_stand": {
    "runtime_id": 552,
    "component_based": false
  },
  "minecraft:arrow": {
    "runtime_id": 301,
    "component_based": false
  },
  "minecraft:axolotl_bucket": {
    "runtime_id": 369,
    "component_based": false
  },
  "minecraft:axolotl_spawn_egg": {
    "runtime_id": 500,
    "component_based": false
  },
  "minecraft:azalea": {
    "runtime_id": -337,
    "component_based": false
  },
  "minecraft:azalea_leaves": {
    "runtime_id": -324,
    "component_based": false
  },
  "minecraft:azalea_leaves_flowered": {
    "runtime_id": -325,
    "component_based": false
  },
  "minecraft:baked_potato": {
    "runtime_id": 281,
    "component_based": false
  },
  "minecraft:balloon": {
    "runtime_id": 598,
    "component_based": false
  },
  "minecraft:bamboo": {
    "runtime_id": -163,
    "component_based": false
  },
  "minecraft:bamboo_sapling": {
    "runtime_id": -164,
    "component_based": false
  },
  "minecraft:banner": {
    "runtime_id": 567,
    "component_based": false
  },
  "minecraft:banner_pattern": {
    "runtime_id": 628,
    "component_based": false
  },
  "minecraft:barrel": {
    "runtime_id": -203,
    "component_based": false
  },
  "minecraft:barrier": {
    "runtime_id": -161,
    "component_based": false
  },
  "minecraft:basalt": {
    "runtime_id": -234,
    "component_based": false
  },
  "minecraft:bat_spawn_egg": {
    "runtime_id": 453,
    "component_based": false
  },
  "minecraft:beacon": {
    "runtime_id": 138,
    "component_based": false
  },
  "minecraft:bed": {
    "runtime_id": 418,
    "component_based": false
  },
  "minecraft:bedrock": {
    "runtime_id": 7,
    "component_based": false
  },
  "minecraft:bee_nest": {
    "runtime_id": -218,
    "component_based": false
  },
  "minecraft:bee_spawn_egg": {
    "runtime_id": 494,
    "component_based": false
  },
  "minecraft:beef": {
    "runtime_id": 273,
    "component_based": false
  },
  "minecraft:beehive": {
    "runtime_id": -219,
    "component_based": false
  },
  "minecraft:beetroot": {
    "runtime_id": 285,
    "component_based": false
  },
  "minecraft:beetroot_seeds": {
    "runtime_id": 295,
    "component_based": false
  },
  "minecraft:beetroot_soup": {
    "runtime_id": 286,
    "component_based": false
  },
  "minecraft:bell": {
    "runtime_id": -206,
    "component_based": false
  },
  "minecraft:big_dripleaf": {
    "runtime_id": -323,
    "component_based": false
  },
  "minecraft:birch_boat": {
    "runtime_id": 376,
    "component_based": false
  },
  "minecraft:birch_button": {
    "runtime_id": -141,
    "component_based": false
  },
  "minecraft:birch_door": {
    "runtime_id": 554,
    "component_based": false
  },
  "minecraft:birch_fence_gate": {
    "runtime_id": 184,
    "component_based": false
  },
  "minecraft:birch_pressure_plate": {
    "runtime_id": -151,
    "component_based": false
  },
  "minecraft:birch_sign": {
    "runtime_id": 577,
    "component_based": false
  },
  "minecraft:birch_stairs": {
    "runtime_id": 135,
    "component_based": false
  },
  "minecraft:birch_standing_sign": {
    "runtime_id": -186,
    "component_based": false
  },
  "minecraft:birch_trapdoor": {
    "runtime_id": -146,
    "component_based": false
  },
  "minecraft:birch_wall_sign": {
    "runtime_id": -187,
    "component_based": false
  },
  "minecraft:black_dye": {
    "runtime_id": 395,
    "component_based": false
  },
  "minecraft:black_glazed_terracotta": {
    "runtime_id": 235,
    "component_based": false
  },
  "minecraft:blackstone": {
    "runtime_id": -273,
    "component_based": false
  },
  "minecraft:blackstone_double_slab": {
    "runtime_id": -283,
    "component_based": false
  },
  "minecraft:blackstone_slab": {
    "runtime_id": -282,
    "component_based": false
  },
  "minecraft:blackstone_stairs": {
    "runtime_id": -276,
    "component_based": false
  },
  "minecraft:blackstone_wall": {
    "runtime_id": -277,
    "component_based": false
  },
  "minecraft:blast_furnace": {
    "runtime_id": -196,
    "component_based": false
  },
  "minecraft:blaze_powder": {
    "runtime_id": 429,
    "component_based": false
  },
  "minecraft:blaze_rod": {
    "runtime_id": 423,
    "component_based": false
  },
  "minecraft:blaze_spawn_egg": {
    "runtime_id": 456,
    "component_based": false
  },
  "minecraft:bleach": {
    "runtime_id": 596,
    "component_based": false
  },
  "minecraft:blue_dye": {
    "runtime_id": 399,
    "component_based": false
  },
  "minecraft:blue_glazed_terracotta": {
    "runtime_id": 231,
    "component_based": false
  },
  "minecraft:blue_ice": {
    "runtime_id": -11,
    "component_based": false
  },
  "minecraft:boat": {
    "runtime_id": 626,
    "component_based": false
  },
  "minecraft:bone": {
    "runtime_id": 415,
    "component_based": false
  },
  "minecraft:bone_block": {
    "runtime_id": 216,
    "component_based": false
  },
  "minecraft:bone_meal": {
    "runtime_id": 411,
    "component_based": false
  },
  "minecraft:book": {
    "runtime_id": 387,
    "component_based": false
  },
  "minecraft:bookshelf": {
    "runtime_id": 47,
    "component_based": false
  },
  "minecraft:border_block": {
    "runtime_id": 212,
    "component_based": false
  },
  "minecraft:bordure_indented_banner_pattern": {
    "runtime_id": 586,
    "component_based": false
  },
  "minecraft:bow": {
    "runtime_id": 300,
    "component_based": false
  },
  "minecraft:bowl": {
    "runtime_id": 321,
    "component_based": false
  },
  "minecraft:bread": {
    "runtime_id": 261,
    "component_based": false
  },
  "minecraft:brewing_stand": {
    "runtime_id": 431,
    "component_based": false
  },
  "minecraft:brewingstandblock": {
    "runtime_id": 117,
    "component_based": false
  },
  "minecraft:brick": {
    "runtime_id": 383,
    "component_based": false
  },
  "minecraft:brick_block": {
    "runtime_id": 45,
    "component_based": false
  },
  "minecraft:brick_stairs": {
    "runtime_id": 108,
    "component_based": false
  },
  "minecraft:brown_dye": {
    "runtime_id": 398,
    "component_based": false
  },
  "minecraft:brown_glazed_terracotta": {
    "runtime_id": 232,
    "component_based": false
  },
  "minecraft:brown_mushroom": {
    "runtime_id": 39,
    "component_based": false
  },
  "minecraft:brown_mushroom_block": {
    "runtime_id": 99,
    "component_based": false
  },
  "minecraft:bubble_column": {
    "runtime_id": -160,
    "component_based": false
  },
  "minecraft:bucket": {
    "runtime_id": 360,
    "component_based": false
  },
  "minecraft:budding_amethyst": {
    "runtime_id": -328,
    "component_based": false
  },
  "minecraft:cactus": {
    "runtime_id": 81,
    "component_based": false
  },
  "minecraft:cake": {
    "runtime_id": 417,
    "component_based": false
  },
  "minecraft:calcite": {
    "runtime_id": -326,
    "component_based": false
  },
  "minecraft:camera": {
    "runtime_id": 593,
    "component_based": false
  },
  "minecraft:campfire": {
    "runtime_id": 588,
    "component_based": false
  },
  "minecraft:carpet": {
    "runtime_id": 171,
    "component_based": false
  },
  "minecraft:carrot": {
    "runtime_id": 279,
    "component_based": false
  },
  "minecraft:carrot_on_a_stick": {
    "runtime_id": 517,
    "component_based": false
  },
  "minecraft:carrots": {
    "runtime_id": 141,
    "component_based": false
  },
  "minecraft:cartography_table": {
    "runtime_id": -200,
    "component_based": false
  },
  "minecraft:carved_pumpkin": {
    "runtime_id": -155,
    "component_based": false
  },
  "minecraft:cat_spawn_egg": {
    "runtime_id": 488,
    "component_based": false
  },
  "minecraft:cauldron": {
    "runtime_id": 432,
    "component_based": false
  },
  "minecraft:cave_spider_spawn_egg": {
    "runtime_id": 457,
    "component_based": false
  },
  "minecraft:cave_vines": {
    "runtime_id": -322,
    "component_based": false
  },
  "minecraft:cave_vines_body_with_berries": {
    "runtime_id": -375,
    "component_based": false
  },
  "minecraft:cave_vines_head_with_berries": {
    "runtime_id": -376,
    "component_based": false
  },
  "minecraft:chain": {
    "runtime_id": 618,
    "component_based": false
  },
  "minecraft:chain_command_block": {
    "runtime_id": 189,
    "component_based": false
  },
  "minecraft:chainmail_boots": {
    "runtime_id": 342,
    "component_based": false
  },
  "minecraft:chainmail_chestplate": {
    "runtime_id": 340,
    "component_based": false
  },
  "minecraft:chainmail_helmet": {
    "runtime_id": 339,
    "component_based": false
  },
  "minecraft:chainmail_leggings": {
    "runtime_id": 341,
    "component_based": false
  },
  "minecraft:charcoal": {
    "runtime_id": 303,
    "component_based": false
  },
  "minecraft:chemical_heat": {
    "runtime_id": 192,
    "component_based": false
  },
  "minecraft:chemistry_table": {
    "runtime_id": 238,
    "component_based": false
  },
  "minecraft:chest": {
    "runtime_id": 54,
    "component_based": false
  },
  "minecraft:chest_minecart": {
    "runtime_id": 389,
    "component_based": false
  },
  "minecraft:chicken": {
    "runtime_id": 275,
    "component_based": false
  },
  "minecraft:chicken_spawn_egg": {
    "runtime_id": 435,
    "component_based": false
  },
  "minecraft:chiseled_deepslate": {
    "runtime_id": -395,
    "component_based": false
  },
  "minecraft:chiseled_nether_bricks": {
    "runtime_id": -302,
    "component_based": false
  },
  "minecraft:chiseled_polished_blackstone": {
    "runtime_id": -279,
    "component_based": false
  },
  "minecraft:chorus_flower": {
    "runtime_id": 200,
    "component_based": false
  },
  "minecraft:chorus_fruit": {
    "runtime_id": 558,
    "component_based": false
  },
  "minecraft:chorus_plant": {
    "runtime_id": 240,
    "component_based": false
  },
  "minecraft:clay": {
    "runtime_id": 82,
    "component_based": false
  },
  "minecraft:clay_ball": {
    "runtime_id": 384,
    "component_based": false
  },
  "minecraft:clock": {
    "runtime_id": 393,
    "component_based": false
  },
  "minecraft:coal": {
    "runtime_id": 302,
    "component_based": false
  },
  "minecraft:coal_block": {
    "runtime_id": 173,
    "component_based": false
  },
  "minecraft:coal_ore": {
    "runtime_id": 16,
    "component_based": false
  },
  "minecraft:cobbled_deepslate": {
    "runtime_id": -379,
    "component_based": false
  },
  "minecraft:cobbled_deepslate_double_slab": {
    "runtime_id": -396,
    "component_based": false
  },
  "minecraft:cobbled_deepslate_slab": {
    "runtime_id": -380,
    "component_based": false
  },
  "minecraft:cobbled_deepslate_stairs": {
    "runtime_id": -381,
    "component_based": false
  },
  "minecraft:cobbled_deepslate_wall": {
    "runtime_id": -382,
    "component_based": false
  },
  "minecraft:cobblestone": {
    "runtime_id": 4,
    "component_based": false
  },
  "minecraft:cobblestone_wall": {
    "runtime_id": 139,
    "component_based": false
  },
  "minecraft:cocoa": {
    "runtime_id": 127,
    "component_based": false
  },
  "minecraft:cocoa_beans": {
    "runtime_id": 412,
    "component_based": false
  },
  "minecraft:cod": {
    "runtime_id": 264,
    "component_based": false
  },
  "minecraft:cod_bucket": {
    "runtime_id": 364,
    "component_based": false
  },
  "minecraft:cod_spawn_egg": {
    "runtime_id": 480,
    "component_based": false
  },
  "minecraft:colored_torch_bp": {
    "runtime_id": 204,
    "component_based": false
  },
  "minecraft:colored_torch_rg": {
    "runtime_id": 202,
    "component_based": false
  },
  "minecraft:command_block": {
    "runtime_id": 137,
    "component_based": false
  },
  "minecraft:command_block_minecart": {
    "runtime_id": 563,
    "component_based": false
  },
  "minecraft:comparator": {
    "runtime_id": 522,
    "component_based": false
  },
  "minecraft:compass": {
    "runtime_id": 391,
    "component_based": false
  },
  "minecraft:composter": {
    "runtime_id": -213,
    "component_based": false
  },
  "minecraft:compound": {
    "runtime_id": 594,
    "component_based": false
  },
  "minecraft:concrete": {
    "runtime_id": 236,
    "component_based": false
  },
  "minecraft:concrete_powder": {
    "runtime_id": 237,
    "component_based": false
  },
  "minecraft:conduit": {
    "runtime_id": -157,
    "component_based": false
  },
  "minecraft:cooked_beef": {
    "runtime_id": 274,
    "component_based": false
  },
  "minecraft:cooked_chicken": {
    "runtime_id": 276,
    "component_based": false
  },
  "minecraft:cooked_cod": {
    "runtime_id": 268,
    "component_based": false
  },
  "minecraft:cooked_mutton": {
    "runtime_id": 551,
    "component_based": false
  },
  "minecraft:cooked_porkchop": {
    "runtime_id": 263,
    "component_based": false
  },
  "minecraft:cooked_rabbit": {
    "runtime_id": 289,
    "component_based": false
  },
  "minecraft:cooked_salmon": {
    "runtime_id": 269,
    "component_based": false
  },
  "minecraft:cookie": {
    "runtime_id": 271,
    "component_based": false
  },
  "minecraft:copper_block": {
    "runtime_id": -340,
    "component_based": false
  },
  "minecraft:copper_ingot": {
    "runtime_id": 504,
    "component_based": false
  },
  "minecraft:copper_ore": {
    "runtime_id": -311,
    "component_based": false
  },
  "minecraft:coral": {
    "runtime_id": -131,
    "component_based": false
  },
  "minecraft:coral_block": {
    "runtime_id": -132,
    "component_based": false
  },
  "minecraft:coral_fan": {
    "runtime_id": -133,
    "component_based": false
  },
  "minecraft:coral_fan_dead": {
    "runtime_id": -134,
    "component_based": false
  },
  "minecraft:coral_fan_hang": {
    "runtime_id": -135,
    "component_based": false
  },
  "minecraft:coral_fan_hang2": {
    "runtime_id": -136,
    "component_based": false
  },
  "minecraft:coral_fan_hang3": {
    "runtime_id": -137,
    "component_based": false
  },
  "minecraft:cow_spawn_egg": {
    "runtime_id": 436,
    "component_based": false
  },
  "minecraft:cracked_deepslate_bricks": {
    "runtime_id": -410,
    "component_based": false
  },
  "minecraft:cracked_deepslate_tiles": {
    "runtime_id": -409,
    "component_based": false
  },
  "minecraft:cracked_nether_bricks": {
    "runtime_id": -303,
    "component_based": false
  },
  "minecraft:cracked_polished_blackstone_bricks": {
    "runtime_id": -280,
    "component_based": false
  },
  "minecraft:crafting_table": {
    "runtime_id": 58,
    "component_based": false
  },
  "minecraft:creeper_banner_pattern": {
    "runtime_id": 582,
    "component_based": false
  },
  "minecraft:creeper_spawn_egg": {
    "runtime_id": 441,
    "component_based": false
  },
  "minecraft:crimson_button": {
    "runtime_id": -260,
    "component_based": false
  },
  "minecraft:crimson_door": {
    "runtime_id": 615,
    "component_based": false
  },
  "minecraft:crimson_double_slab": {
    "runtime_id": -266,
    "component_based": false
  },
  "minecraft:crimson_fence": {
    "runtime_id": -256,
    "component_based": false
  },
  "minecraft:crimson_fence_gate": {
    "runtime_id": -258,
    "component_based": false
  },
  "minecraft:crimson_fungus": {
    "runtime_id": -228,
    "component_based": false
  },
  "minecraft:crimson_hyphae": {
    "runtime_id": -299,
    "component_based": false
  },
  "minecraft:crimson_nylium": {
    "runtime_id": -232,
    "component_based": false
  },
  "minecraft:crimson_planks": {
    "runtime_id": -242,
    "component_based": false
  },
  "minecraft:crimson_pressure_plate": {
    "runtime_id": -262,
    "component_based": false
  },
  "minecraft:crimson_roots": {
    "runtime_id": -223,
    "component_based": false
  },
  "minecraft:crimson_sign": {
    "runtime_id": 613,
    "component_based": false
  },
  "minecraft:crimson_slab": {
    "runtime_id": -264,
    "component_based": false
  },
  "minecraft:crimson_stairs": {
    "runtime_id": -254,
    "component_based": false
  },
  "minecraft:crimson_standing_sign": {
    "runtime_id": -250,
    "component_based": false
  },
  "minecraft:crimson_stem": {
    "runtime_id": -225,
    "component_based": false
  },
  "minecraft:crimson_trapdoor": {
    "runtime_id": -246,
    "component_based": false
  },
  "minecraft:crimson_wall_sign": {
    "runtime_id": -252,
    "component_based": false
  },
  "minecraft:crossbow": {
    "runtime_id": 575,
    "component_based": false
  },
  "minecraft:crying_obsidian": {
    "runtime_id": -289,
    "component_based": false
  },
  "minecraft:cut_copper": {
    "runtime_id": -347,
    "component_based": false
  },
  "minecraft:cut_copper_slab": {
    "runtime_id": -361,
    "component_based": false
  },
  "minecraft:cut_copper_stairs": {
    "runtime_id": -354,
    "component_based": false
  },
  "minecraft:cyan_dye": {
    "runtime_id": 401,
    "component_based": false
  },
  "minecraft:cyan_glazed_terracotta": {
    "runtime_id": 229,
    "component_based": false
  },
  "minecraft:dark_oak_boat": {
    "runtime_id": 380,
    "component_based": false
  },
  "minecraft:dark_oak_button": {
    "runtime_id": -142,
    "component_based": false
  },
  "minecraft:dark_oak_door": {
    "runtime_id": 557,
    "component_based": false
  },
  "minecraft:dark_oak_fence_gate": {
    "runtime_id": 186,
    "component_based": false
  },
  "minecraft:dark_oak_pressure_plate": {
    "runtime_id": -152,
    "component_based": false
  },
  "minecraft:dark_oak_sign": {
    "runtime_id": 580,
    "component_based": false
  },
  "minecraft:dark_oak_stairs": {
    "runtime_id": 164,
    "component_based": false
  },
  "minecraft:dark_oak_trapdoor": {
    "runtime_id": -147,
    "component_based": false
  },
  "minecraft:dark_prismarine_stairs": {
    "runtime_id": -3,
    "component_based": false
  },
  "minecraft:darkoak_standing_sign": {
    "runtime_id": -192,
    "component_based": false
  },
  "minecraft:darkoak_wall_sign": {
    "runtime_id": -193,
    "component_based": false
  },
  "minecraft:daylight_detector": {
    "runtime_id": 151,
    "component_based": false
  },
  "minecraft:daylight_detector_inverted": {
    "runtime_id": 178,
    "component_based": false
  },
  "minecraft:deadbush": {
    "runtime_id": 32,
    "component_based": false
  },
  "minecraft:deepslate": {
    "runtime_id": -378,
    "component_based": false
  },
  "minecraft:deepslate_brick_double_slab": {
    "runtime_id": -399,
    "component_based": false
  },
  "minecraft:deepslate_brick_slab": {
    "runtime_id": -392,
    "component_based": false
  },
  "minecraft:deepslate_brick_stairs": {
    "runtime_id": -393,
    "component_based": false
  },
  "minecraft:deepslate_brick_wall": {
    "runtime_id": -394,
    "component_based": false
  },
  "minecraft:deepslate_bricks": {
    "runtime_id": -391,
    "component_based": false
  },
  "minecraft:deepslate_coal_ore": {
    "runtime_id": -406,
    "component_based": false
  },
  "minecraft:deepslate_copper_ore": {
    "runtime_id": -408,
    "component_based": false
  },
  "minecraft:deepslate_diamond_ore": {
    "runtime_id": -405,
    "component_based": false
  },
  "minecraft:deepslate_emerald_ore": {
    "runtime_id": -407,
    "component_based": false
  },
  "minecraft:deepslate_gold_ore": {
    "runtime_id": -402,
    "component_based": false
  },
  "minecraft:deepslate_iron_ore": {
    "runtime_id": -401,
    "component_based": false
  },
  "minecraft:deepslate_lapis_ore": {
    "runtime_id": -400,
    "component_based": false
  },
  "minecraft:deepslate_redstone_ore": {
    "runtime_id": -403,
    "component_based": false
  },
  "minecraft:deepslate_tile_double_slab": {
    "runtime_id": -398,
    "component_based": false
  },
  "minecraft:deepslate_tile_slab": {
    "runtime_id": -388,
    "component_based": false
  },
  "minecraft:deepslate_tile_stairs": {
    "runtime_id": -389,
    "component_based": false
  },
  "minecraft:deepslate_tile_wall": {
    "runtime_id": -390,
    "component_based": false
  },
  "minecraft:deepslate_tiles": {
    "runtime_id": -387,
    "component_based": false
  },
  "minecraft:deny": {
    "runtime_id": 211,
    "component_based": false
  },
  "minecraft:detector_rail": {
    "runtime_id": 28,
    "component_based": false
  },
  "minecraft:diamond": {
    "runtime_id": 304,
    "component_based": false
  },
  "minecraft:diamond_axe": {
    "runtime_id": 319,
    "component_based": false
  },
  "minecraft:diamond_block": {
    "runtime_id": 57,
    "component_based": false
  },
  "minecraft:diamond_boots": {
    "runtime_id": 350,
    "component_based": false
  },
  "minecraft:diamond_chestplate": {
    "runtime_id": 348,
    "component_based": false
  },
  "minecraft:diamond_helmet": {
    "runtime_id": 347,
    "component_based": false
  },
  "minecraft:diamond_hoe": {
    "runtime_id": 332,
    "component_based": false
  },
  "minecraft:diamond_horse_armor": {
    "runtime_id": 533,
    "component_based": false
  },
  "minecraft:diamond_leggings": {
    "runtime_id": 349,
    "component_based": false
  },
  "minecraft:diamond_ore": {
    "runtime_id": 56,
    "component_based": false
  },
  "minecraft:diamond_pickaxe": {
    "runtime_id": 318,
    "component_based": false
  },
  "minecraft:diamond_shovel": {
    "runtime_id": 317,
    "component_based": false
  },
  "minecraft:diamond_sword": {
    "runtime_id": 316,
    "component_based": false
  },
  "minecraft:diorite_stairs": {
    "runtime_id": -170,
    "component_based": false
  },
  "minecraft:dirt": {
    "runtime_id": 3,
    "component_based": false
  },
  "minecraft:dirt_with_roots": {
    "runtime_id": -318,
    "component_based": false
  },
  "minecraft:dispenser": {
    "runtime_id": 23,
    "component_based": false
  },
  "minecraft:dolphin_spawn_egg": {
    "runtime_id": 484,
    "component_based": false
  },
  "minecraft:donkey_spawn_egg": {
    "runtime_id": 465,
    "component_based": false
  },
  "minecraft:double_cut_copper_slab": {
    "runtime_id": -368,
    "component_based": false
  },
  "minecraft:double_plant": {
    "runtime_id": 175,
    "component_based": false
  },
  "minecraft:double_stone_slab": {
    "runtime_id": 44,
    "component_based": false
  },
  "minecraft:double_stone_slab2": {
    "runtime_id": 182,
    "component_based": false
  },
  "minecraft:double_stone_slab3": {
    "runtime_id": -162,
    "component_based": false
  },
  "minecraft:double_stone_slab4": {
    "runtime_id": -166,
    "component_based": false
  },
  "minecraft:double_wooden_slab": {
    "runtime_id": 157,
    "component_based": false
  },
  "minecraft:dragon_breath": {
    "runtime_id": 560,
    "component_based": false
  },
  "minecraft:dragon_egg": {
    "runtime_id": 122,
    "component_based": false
  },
  "minecraft:dried_kelp": {
    "runtime_id": 270,
    "component_based": false
  },
  "minecraft:dried_kelp_block": {
    "runtime_id": -139,
    "component_based": false
  },
  "minecraft:dripstone_block": {
    "runtime_id": -317,
    "component_based": false
  },
  "minecraft:dropper": {
    "runtime_id": 125,
    "component_based": false
  },
  "minecraft:drowned_spawn_egg": {
    "runtime_id": 483,
    "component_based": false
  },
  "minecraft:dye": {
    "runtime_id": 627,
    "component_based": false
  },
  "minecraft:egg": {
    "runtime_id": 390,
    "component_based": false
  },
  "minecraft:elder_guardian_spawn_egg": {
    "runtime_id": 471,
    "component_based": false
  },
  "minecraft:element_0": {
    "runtime_id": 36,
    "component_based": false
  },
  "minecraft:element_1": {
    "runtime_id": -12,
    "component_based": false
  },
  "minecraft:element_10": {
    "runtime_id": -21,
    "component_based": false
  },
  "minecraft:element_100": {
    "runtime_id": -111,
    "component_based": false
  },
  "minecraft:element_101": {
    "runtime_id": -112,
    "component_based": false
  },
  "minecraft:element_102": {
    "runtime_id": -113,
    "component_based": false
  },
  "minecraft:element_103": {
    "runtime_id": -114,
    "component_based": false
  },
  "minecraft:element_104": {
    "runtime_id": -115,
    "component_based": false
  },
  "minecraft:element_105": {
    "runtime_id": -116,
    "component_based": false
  },
  "minecraft:element_106": {
    "runtime_id": -117,
    "component_based": false
  },
  "minecraft:element_107": {
    "runtime_id": -118,
    "component_based": false
  },
  "minecraft:element_108": {
    "runtime_id": -119,
    "component_based": false
  },
  "minecraft:element_109": {
    "runtime_id": -120,
    "component_based": false
  },
  "minecraft:element_11": {
    "runtime_id": -22,
    "component_based": false
  },
  "minecraft:element_110": {
    "runtime_id": -121,
    "component_based": false
  },
  "minecraft:element_111": {
    "runtime_id": -122,
    "component_based": false
  },
  "minecraft:element_112": {
    "runtime_id": -123,
    "component_based": false
  },
  "minecraft:element_113": {
    "runtime_id": -124,
    "component_based": false
  },
  "minecraft:element_114": {
    "runtime_id": -125,
    "component_based": false
  },
  "minecraft:element_115": {
    "runtime_id": -126,
    "component_based": false
  },
  "minecraft:element_116": {
    "runtime_id": -127,
    "component_based": false
  },
  "minecraft:element_117": {
    "runtime_id": -128,
    "component_based": false
  },
  "minecraft:element_118": {
    "runtime_id": -129,
    "component_based": false
  },
  "minecraft:element_12": {
    "runtime_id": -23,
    "component_based": false
  },
  "minecraft:element_13": {
    "runtime_id": -24,
    "component_based": false
  },
  "minecraft:element_14": {
    "runtime_id": -25,
    "component_based": false
  },
  "minecraft:element_15": {
    "runtime_id": -26,
    "component_based": false
  },
  "minecraft:element_16": {
    "runtime_id": -27,
    "component_based": false
  },
  "minecraft:element_17": {
    "runtime_id": -28,
    "component_based": false
  },
  "minecraft:element_18": {
    "runtime_id": -29,
    "component_based": false
  },
  "minecraft:element_19": {
    "runtime_id": -30,
    "component_based": false
  },
  "minecraft:element_2": {
    "runtime_id": -13,
    "component_based": false
  },
  "minecraft:element_20": {
    "runtime_id": -31,
    "component_based": false
  },
  "minecraft:element_21": {
    "runtime_id": -32,
    "component_based": false
  },
  "minecraft:element_22": {
    "runtime_id": -33,
    "component_based": false
  },
  "minecraft:element_23": {
    "runtime_id": -34,
    "component_based": false
  },
  "minecraft:element_24": {
    "runtime_id": -35,
    "component_based": false
  },
  "minecraft:element_25": {
    "runtime_id": -36,
    "component_based": false
  },
  "minecraft:element_26": {
    "runtime_id": -37,
    "component_based": false
  },
  "minecraft:element_27": {
    "runtime_id": -38,
    "component_based": false
  },
  "minecraft:element_28": {
    "runtime_id": -39,
    "component_based": false
  },
  "minecraft:element_29": {
    "runtime_id": -40,
    "component_based": false
  },
  "minecraft:element_3": {
    "runtime_id": -14,
    "component_based": false
  },
  "minecraft:element_30": {
    "runtime_id": -41,
    "component_based": false
  },
  "minecraft:element_31": {
    "runtime_id": -42,
    "component_based": false
  },
  "minecraft:element_32": {
    "runtime_id": -43,
    "component_based": false
  },
  "minecraft:element_33": {
    "runtime_id": -44,
    "component_based": false
  },
  "minecraft:element_34": {
    "runtime_id": -45,
    "component_based": false
  },
  "minecraft:element_35": {
    "runtime_id": -46,
    "component_based": false
  },
  "minecraft:element_36": {
    "runtime_id": -47,
    "component_based": false
  },
  "minecraft:element_37": {
    "runtime_id": -48,
    "component_based": false
  },
  "minecraft:element_38": {
    "runtime_id": -49,
    "component_based": false
  },
  "minecraft:element_39": {
    "runtime_id": -50,
    "component_based": false
  },
  "minecraft:element_4": {
    "runtime_id": -15,
    "component_based": false
  },
  "minecraft:element_40": {
    "runtime_id": -51,
    "component_based": false
  },
  "minecraft:element_41": {
    "runtime_id": -52,
    "component_based": false
  },
  "minecraft:element_42": {
    "runtime_id": -53,
    "component_based": false
  },
  "minecraft:element_43": {
    "runtime_id": -54,
    "component_based": false
  },
  "minecraft:element_44": {
    "runtime_id": -55,
    "component_based": false
  },
  "minecraft:element_45": {
    "runtime_id": -56,
    "component_based": false
  },
  "minecraft:element_46": {
    "runtime_id": -57,
    "component_based": false
  },
  "minecraft:element_47": {
    "runtime_id": -58,
    "component_based": false
  },
  "minecraft:element_48": {
    "runtime_id": -59,
    "component_based": false
  },
  "minecraft:element_49": {
    "runtime_id": -60,
    "component_based": false
  },
  "minecraft:element_5": {
    "runtime_id": -16,
    "component_based": false
  },
  "minecraft:element_50": {
    "runtime_id": -61,
    "component_based": false
  },
  "minecraft:element_51": {
    "runtime_id": -62,
    "component_based": false
  },
  "minecraft:element_52": {
    "runtime_id": -63,
    "component_based": false
  },
  "minecraft:element_53": {
    "runtime_id": -64,
    "component_based": false
  },
  "minecraft:element_54": {
    "runtime_id": -65,
    "component_based": false
  },
  "minecraft:element_55": {
    "runtime_id": -66,
    "component_based": false
  },
  "minecraft:element_56": {
    "runtime_id": -67,
    "component_based": false
  },
  "minecraft:element_57": {
    "runtime_id": -68,
    "component_based": false
  },
  "minecraft:element_58": {
    "runtime_id": -69,
    "component_based": false
  },
  "minecraft:element_59": {
    "runtime_id": -70,
    "component_based": false
  },
  "minecraft:element_6": {
    "runtime_id": -17,
    "component_based": false
  },
  "minecraft:element_60": {
    "runtime_id": -71,
    "component_based": false
  },
  "minecraft:element_61": {
    "runtime_id": -72,
    "component_based": false
  },
  "minecraft:element_62": {
    "runtime_id": -73,
    "component_based": false
  },
  "minecraft:element_63": {
    "runtime_id": -74,
    "component_based": false
  },
  "minecraft:element_64": {
    "runtime_id": -75,
    "component_based": false
  },
  "minecraft:element_65": {
    "runtime_id": -76,
    "component_based": false
  },
  "minecraft:element_66": {
    "runtime_id": -77,
    "component_based": false
  },
  "minecraft:element_67": {
    "runtime_id": -78,
    "component_based": false
  },
  "minecraft:element_68": {
    "runtime_id": -79,
    "component_based": false
  },
  "minecraft:element_69": {
    "runtime_id": -80,
    "component_based": false
  },
  "minecraft:element_7": {
    "runtime_id": -18,
    "component_based": false
  },
  "minecraft:element_70": {
    "runtime_id": -81,
    "component_based": false
  },
  "minecraft:element_71": {
    "runtime_id": -82,
    "component_based": false
  },
  "minecraft:element_72": {
    "runtime_id": -83,
    "component_based": false
  },
  "minecraft:element_73": {
    "runtime_id": -84,
    "component_based": false
  },
  "minecraft:element_74": {
    "runtime_id": -85,
    "component_based": false
  },
  "minecraft:element_75": {
    "runtime_id": -86,
    "component_based": false
  },
  "minecraft:element_76": {
    "runtime_id": -87,
    "component_based": false
  },
  "minecraft:element_77": {
    "runtime_id": -88,
    "component_based": false
  },
  "minecraft:element_78": {
    "runtime_id": -89,
    "component_based": false
  },
  "minecraft:element_79": {
    "runtime_id": -90,
    "component_based": false
  },
  "minecraft:element_8": {
    "runtime_id": -19,
    "component_based": false
  },
  "minecraft:element_80": {
    "runtime_id": -91,
    "component_based": false
  },
  "minecraft:element_81": {
    "runtime_id": -92,
    "component_based": false
  },
  "minecraft:element_82": {
    "runtime_id": -93,
    "component_based": false
  },
  "minecraft:element_83": {
    "runtime_id": -94,
    "component_based": false
  },
  "minecraft:element_84": {
    "runtime_id": -95,
    "component_based": false
  },
  "minecraft:element_85": {
    "runtime_id": -96,
    "component_based": false
  },
  "minecraft:element_86": {
    "runtime_id": -97,
    "component_based": false
  },
  "minecraft:element_87": {
    "runtime_id": -98,
    "component_based": false
  },
  "minecraft:element_88": {
    "runtime_id": -99,
    "component_based": false
  },
  "minecraft:element_89": {
    "runtime_id": -100,
    "component_based": false
  },
  "minecraft:element_9": {
    "runtime_id": -20,
    "component_based": false
  },
  "minecraft:element_90": {
    "runtime_id": -101,
    "component_based": false
  },
  "minecraft:element_91": {
    "runtime_id": -102,
    "component_based": false
  },
  "minecraft:element_92": {
    "runtime_id": -103,
    "component_based": false
  },
  "minecraft:element_93": {
    "runtime_id": -104,
    "component_based": false
  },
  "minecraft:element_94": {
    "runtime_id": -105,
    "component_based": false
  },
  "minecraft:element_95": {
    "runtime_id": -106,
    "component_based": false
  },
  "minecraft:element_96": {
    "runtime_id": -107,
    "component_based": false
  },
  "minecraft:element_97": {
    "runtime_id": -108,
    "component_based": false
  },
  "minecraft:element_98": {
    "runtime_id": -109,
    "component_based": false
  },
  "minecraft:element_99": {
    "runtime_id": -110,
    "component_based": false
  },
  "minecraft:elytra": {
    "runtime_id": 564,
    "component_based": false
  },
  "minecraft:emerald": {
    "runtime_id": 512,
    "component_based": false
  },
  "minecraft:emerald_block": {
    "runtime_id": 133,
    "component_based": false
  },
  "minecraft:emerald_ore": {
    "runtime_id": 129,
    "component_based": false
  },
  "minecraft:empty_map": {
    "runtime_id": 515,
    "component_based": false
  },
  "minecraft:enchanted_book": {
    "runtime_id": 521,
    "component_based": false
  },
  "minecraft:enchanted_golden_apple": {
    "runtime_id": 259,
    "component_based": false
  },
  "minecraft:enchanting_table": {
    "runtime_id": 116,
    "component_based": false
  },
  "minecraft:end_brick_stairs": {
    "runtime_id": -178,
    "component_based": false
  },
  "minecraft:end_bricks": {
    "runtime_id": 206,
    "component_based": false
  },
  "minecraft:end_crystal": {
    "runtime_id": 630,
    "component_based": false
  },
  "minecraft:end_gateway": {
    "runtime_id": 209,
    "component_based": false
  },
  "minecraft:end_portal": {
    "runtime_id": 119,
    "component_based": false
  },
  "minecraft:end_portal_frame": {
    "runtime_id": 120,
    "component_based": false
  },
  "minecraft:end_rod": {
    "runtime_id": 208,
    "component_based": false
  },
  "minecraft:end_stone": {
    "runtime_id": 121,
    "component_based": false
  },
  "minecraft:ender_chest": {
    "runtime_id": 130,
    "component_based": false
  },
  "minecraft:ender_eye": {
    "runtime_id": 433,
    "component_based": false
  },
  "minecraft:ender_pearl": {
    "runtime_id": 422,
    "component_based": false
  },
  "minecraft:enderman_spawn_egg": {
    "runtime_id": 442,
    "component_based": false
  },
  "minecraft:endermite_spawn_egg": {
    "runtime_id": 460,
    "component_based": false
  },
  "minecraft:evoker_spawn_egg": {
    "runtime_id": 475,
    "component_based": false
  },
  "minecraft:experience_bottle": {
    "runtime_id": 508,
    "component_based": false
  },
  "minecraft:exposed_copper": {
    "runtime_id": -341,
    "component_based": false
  },
  "minecraft:exposed_cut_copper": {
    "runtime_id": -348,
    "component_based": false
  },
  "minecraft:exposed_cut_copper_slab": {
    "runtime_id": -362,
    "component_based": false
  },
  "minecraft:exposed_cut_copper_stairs": {
    "runtime_id": -355,
    "component_based": false
  },
  "minecraft:exposed_double_cut_copper_slab": {
    "runtime_id": -369,
    "component_based": false
  },
  "minecraft:farmland": {
    "runtime_id": 60,
    "component_based": false
  },
  "minecraft:feather": {
    "runtime_id": 327,
    "component_based": false
  },
  "minecraft:fence": {
    "runtime_id": 85,
    "component_based": false
  },
  "minecraft:fence_gate": {
    "runtime_id": 107,
    "component_based": false
  },
  "minecraft:fermented_spider_eye": {
    "runtime_id": 428,
    "component_based": false
  },
  "minecraft:field_masoned_banner_pattern": {
    "runtime_id": 585,
    "component_based": false
  },
  "minecraft:filled_map": {
    "runtime_id": 420,
    "component_based": false
  },
  "minecraft:fire": {
    "runtime_id": 51,
    "component_based": false
  },
  "minecraft:fire_charge": {
    "runtime_id": 509,
    "component_based": false
  },
  "minecraft:firework_rocket": {
    "runtime_id": 519,
    "component_based": false
  },
  "minecraft:firework_star": {
    "runtime_id": 520,
    "component_based": false
  },
  "minecraft:fishing_rod": {
    "runtime_id": 392,
    "component_based": false
  },
  "minecraft:fletching_table": {
    "runtime_id": -201,
    "component_based": false
  },
  "minecraft:flint": {
    "runtime_id": 356,
    "component_based": false
  },
  "minecraft:flint_and_steel": {
    "runtime_id": 299,
    "component_based": false
  },
  "minecraft:flower_banner_pattern": {
    "runtime_id": 581,
    "component_based": false
  },
  "minecraft:flower_pot": {
    "runtime_id": 514,
    "component_based": false
  },
  "minecraft:flowering_azalea": {
    "runtime_id": -338,
    "component_based": false
  },
  "minecraft:flowing_lava": {
    "runtime_id": 10,
    "component_based": false
  },
  "minecraft:flowing_water": {
    "runtime_id": 8,
    "component_based": false
  },
  "minecraft:fox_spawn_egg": {
    "runtime_id": 490,
    "component_based": false
  },
  "minecraft:frame": {
    "runtime_id": 513,
    "component_based": false
  },
  "minecraft:frosted_ice": {
    "runtime_id": 207,
    "component_based": false
  },
  "minecraft:furnace": {
    "runtime_id": 61,
    "component_based": false
  },
  "minecraft:ghast_spawn_egg": {
    "runtime_id": 454,
    "component_based": false
  },
  "minecraft:ghast_tear": {
    "runtime_id": 424,
    "component_based": false
  },
  "minecraft:gilded_blackstone": {
    "runtime_id": -281,
    "component_based": false
  },
  "minecraft:glass": {
    "runtime_id": 20,
    "component_based": false
  },
  "minecraft:glass_bottle": {
    "runtime_id": 427,
    "component_based": false
  },
  "minecraft:glass_pane": {
    "runtime_id": 102,
    "component_based": false
  },
  "minecraft:glistering_melon_slice": {
    "runtime_id": 434,
    "component_based": false
  },
  "minecraft:glow_berries": {
    "runtime_id": 631,
    "component_based": false
  },
  "minecraft:glow_frame": {
    "runtime_id": 622,
    "component_based": false
  },
  "minecraft:glow_ink_sac": {
    "runtime_id": 503,
    "component_based": false
  },
  "minecraft:glow_lichen": {
    "runtime_id": -411,
    "component_based": false
  },
  "minecraft:glow_squid_spawn_egg": {
    "runtime_id": 502,
    "component_based": false
  },
  "minecraft:glow_stick": {
    "runtime_id": 166,
    "component_based": false
  },
  "minecraft:glowingobsidian": {
    "runtime_id": 246,
    "component_based": false
  },
  "minecraft:glowstone": {
    "runtime_id": 89,
    "component_based": false
  },
  "minecraft:glowstone_dust": {
    "runtime_id": 394,
    "component_based": false
  },
  "minecraft:goat_horn": {
    "runtime_id": 623,
    "component_based": false
  },
  "minecraft:goat_spawn_egg": {
    "runtime_id": 501,
    "component_based": false
  },
  "minecraft:gold_block": {
    "runtime_id": 41,
    "component_based": false
  },
  "minecraft:gold_ingot": {
    "runtime_id": 306,
    "component_based": false
  },
  "minecraft:gold_nugget": {
    "runtime_id": 425,
    "component_based": false
  },
  "minecraft:gold_ore": {
    "runtime_id": 14,
    "component_based": false
  },
  "minecraft:golden_apple": {
    "runtime_id": 258,
    "component_based": false
  },
  "minecraft:golden_axe": {
    "runtime_id": 325,
    "component_based": false
  },
  "minecraft:golden_boots": {
    "runtime_id": 354,
    "component_based": false
  },
  "minecraft:golden_carrot": {
    "runtime_id": 283,
    "component_based": false
  },
  "minecraft:golden_chestplate": {
    "runtime_id": 352,
    "component_based": false
  },
  "minecraft:golden_helmet": {
    "runtime_id": 351,
    "component_based": false
  },
  "minecraft:golden_hoe": {
    "runtime_id": 333,
    "component_based": false
  },
  "minecraft:golden_horse_armor": {
    "runtime_id": 532,
    "component_based": false
  },
  "minecraft:golden_leggings": {
    "runtime_id": 353,
    "component_based": false
  },
  "minecraft:golden_pickaxe": {
    "runtime_id": 324,
    "component_based": false
  },
  "minecraft:golden_rail": {
    "runtime_id": 27,
    "component_based": false
  },
  "minecraft:golden_shovel": {
    "runtime_id": 323,
    "component_based": false
  },
  "minecraft:golden_sword": {
    "runtime_id": 322,
    "component_based": false
  },
  "minecraft:granite_stairs": {
    "runtime_id": -169,
    "component_based": false
  },
  "minecraft:grass": {
    "runtime_id": 2,
    "component_based": false
  },
  "minecraft:grass_path": {
    "runtime_id": 198,
    "component_based": false
  },
  "minecraft:gravel": {
    "runtime_id": 13,
    "component_based": false
  },
  "minecraft:gray_dye": {
    "runtime_id": 403,
    "component_based": false
  },
  "minecraft:gray_glazed_terracotta": {
    "runtime_id": 227,
    "component_based": false
  },
  "minecraft:green_dye": {
    "runtime_id": 397,
    "component_based": false
  },
  "minecraft:green_glazed_terracotta": {
    "runtime_id": 233,
    "component_based": false
  },
  "minecraft:grindstone": {
    "runtime_id": -195,
    "component_based": false
  },
  "minecraft:guardian_spawn_egg": {
    "runtime_id": 461,
    "component_based": false
  },
  "minecraft:gunpowder": {
    "runtime_id": 328,
    "component_based": false
  },
  "minecraft:hanging_roots": {
    "runtime_id": -319,
    "component_based": false
  },
  "minecraft:hard_glass": {
    "runtime_id": 253,
    "component_based": false
  },
  "minecraft:hard_glass_pane": {
    "runtime_id": 190,
    "component_based": false
  },
  "minecraft:hard_stained_glass": {
    "runtime_id": 254,
    "component_based": false
  },
  "minecraft:hard_stained_glass_pane": {
    "runtime_id": 191,
    "component_based": false
  },
  "minecraft:hardened_clay": {
    "runtime_id": 172,
    "component_based": false
  },
  "minecraft:hay_block": {
    "runtime_id": 170,
    "component_based": false
  },
  "minecraft:heart_of_the_sea": {
    "runtime_id": 571,
    "component_based": false
  },
  "minecraft:heavy_weighted_pressure_plate": {
    "runtime_id": 148,
    "component_based": false
  },
  "minecraft:hoglin_spawn_egg": {
    "runtime_id": 496,
    "component_based": false
  },
  "minecraft:honey_block": {
    "runtime_id": -220,
    "component_based": false
  },
  "minecraft:honey_bottle": {
    "runtime_id": 592,
    "component_based": false
  },
  "minecraft:honeycomb": {
    "runtime_id": 591,
    "component_based": false
  },
  "minecraft:honeycomb_block": {
    "runtime_id": -221,
    "component_based": false
  },
  "minecraft:hopper": {
    "runtime_id": 527,
    "component_based": false
  },
  "minecraft:hopper_minecart": {
    "runtime_id": 526,
    "component_based": false
  },
  "minecraft:horse_spawn_egg": {
    "runtime_id": 458,
    "component_based": false
  },
  "minecraft:husk_spawn_egg": {
    "runtime_id": 463,
    "component_based": false
  },
  "minecraft:ice": {
    "runtime_id": 79,
    "component_based": false
  },
  "minecraft:ice_bomb": {
    "runtime_id": 595,
    "component_based": false
  },
  "minecraft:infested_deepslate": {
    "runtime_id": -454,
    "component_based": false
  },
  "minecraft:info_update": {
    "runtime_id": 248,
    "component_based": false
  },
  "minecraft:info_update2": {
    "runtime_id": 249,
    "component_based": false
  },
  "minecraft:ink_sac": {
    "runtime_id": 413,
    "component_based": false
  },
  "minecraft:invisiblebedrock": {
    "runtime_id": 95,
    "component_based": false
  },
  "minecraft:iron_axe": {
    "runtime_id": 298,
    "component_based": false
  },
  "minecraft:iron_bars": {
    "runtime_id": 101,
    "component_based": false
  },
  "minecraft:iron_block": {
    "runtime_id": 42,
    "component_based": false
  },
  "minecraft:iron_boots": {
    "runtime_id": 346,
    "component_based": false
  },
  "minecraft:iron_chestplate": {
    "runtime_id": 344,
    "component_based": false
  },
  "minecraft:iron_door": {
    "runtime_id": 372,
    "component_based": false
  },
  "minecraft:iron_helmet": {
    "runtime_id": 343,
    "component_based": false
  },
  "minecraft:iron_hoe": {
    "runtime_id": 331,
    "component_based": false
  },
  "minecraft:iron_horse_armor": {
    "runtime_id": 531,
    "component_based": false
  },
  "minecraft:iron_ingot": {
    "runtime_id": 305,
    "component_based": false
  },
  "minecraft:iron_leggings": {
    "runtime_id": 345,
    "component_based": false
  },
  "minecraft:iron_nugget": {
    "runtime_id": 569,
    "component_based": false
  },
  "minecraft:iron_ore": {
    "runtime_id": 15,
    "component_based": false
  },
  "minecraft:iron_pickaxe": {
    "runtime_id": 297,
    "component_based": false
  },
  "minecraft:iron_shovel": {
    "runtime_id": 296,
    "component_based": false
  },
  "minecraft:iron_sword": {
    "runtime_id": 307,
    "component_based": false
  },
  "minecraft:iron_trapdoor": {
    "runtime_id": 167,
    "component_based": false
  },
  "minecraft:item.acacia_door": {
    "runtime_id": 196,
    "component_based": false
  },
  "minecraft:item.bed": {
    "runtime_id": 26,
    "component_based": false
  },
  "minecraft:item.beetroot": {
    "runtime_id": 244,
    "component_based": false
  },
  "minecraft:item.birch_door": {
    "runtime_id": 194,
    "component_based": false
  },
  "minecraft:item.cake": {
    "runtime_id": 92,
    "component_based": false
  },
  "minecraft:item.camera": {
    "runtime_id": 242,
    "component_based": false
  },
  "minecraft:item.campfire": {
    "runtime_id": -209,
    "component_based": false
  },
  "minecraft:item.cauldron": {
    "runtime_id": 118,
    "component_based": false
  },
  "minecraft:item.chain": {
    "runtime_id": -286,
    "component_based": false
  },
  "minecraft:item.crimson_door": {
    "runtime_id": -244,
    "component_based": false
  },
  "minecraft:item.dark_oak_door": {
    "runtime_id": 197,
    "component_based": false
  },
  "minecraft:item.flower_pot": {
    "runtime_id": 140,
    "component_based": false
  },
  "minecraft:item.frame": {
    "runtime_id": 199,
    "component_based": false
  },
  "minecraft:item.glow_frame": {
    "runtime_id": -339,
    "component_based": false
  },
  "minecraft:item.hopper": {
    "runtime_id": 154,
    "component_based": false
  },
  "minecraft:item.iron_door": {
    "runtime_id": 71,
    "component_based": false
  },
  "minecraft:item.jungle_door": {
    "runtime_id": 195,
    "component_based": false
  },
  "minecraft:item.kelp": {
    "runtime_id": -138,
    "component_based": false
  },
  "minecraft:item.nether_sprouts": {
    "runtime_id": -238,
    "component_based": false
  },
  "minecraft:item.nether_wart": {
    "runtime_id": 115,
    "component_based": false
  },
  "minecraft:item.reeds": {
    "runtime_id": 83,
    "component_based": false
  },
  "minecraft:item.skull": {
    "runtime_id": 144,
    "component_based": false
  },
  "minecraft:item.soul_campfire": {
    "runtime_id": -290,
    "component_based": false
  },
  "minecraft:item.spruce_door": {
    "runtime_id": 193,
    "component_based": false
  },
  "minecraft:item.warped_door": {
    "runtime_id": -245,
    "component_based": false
  },
  "minecraft:item.wheat": {
    "runtime_id": 59,
    "component_based": false
  },
  "minecraft:item.wooden_door": {
    "runtime_id": 64,
    "component_based": false
  },
  "minecraft:jigsaw": {
    "runtime_id": -211,
    "component_based": false
  },
  "minecraft:jukebox": {
    "runtime_id": 84,
    "component_based": false
  },
  "minecraft:jungle_boat": {
    "runtime_id": 377,
    "component_based": false
  },
  "minecraft:jungle_button": {
    "runtime_id": -143,
    "component_based": false
  },
  "minecraft:jungle_door": {
    "runtime_id": 555,
    "component_based": false
  },
  "minecraft:jungle_fence_gate": {
    "runtime_id": 185,
    "component_based": false
  },
  "minecraft:jungle_pressure_plate": {
    "runtime_id": -153,
    "component_based": false
  },
  "minecraft:jungle_sign": {
    "runtime_id": 578,
    "component_based": false
  },
  "minecraft:jungle_stairs": {
    "runtime_id": 136,
    "component_based": false
  },
  "minecraft:jungle_standing_sign": {
    "runtime_id": -188,
    "component_based": false
  },
  "minecraft:jungle_trapdoor": {
    "runtime_id": -148,
    "component_based": false
  },
  "minecraft:jungle_wall_sign": {
    "runtime_id": -189,
    "component_based": false
  },
  "minecraft:kelp": {
    "runtime_id": 382,
    "component_based": false
  },
  "minecraft:ladder": {
    "runtime_id": 65,
    "component_based": false
  },
  "minecraft:lantern": {
    "runtime_id": -208,
    "component_based": false
  },
  "minecraft:lapis_block": {
    "runtime_id": 22,
    "component_based": false
  },
  "minecraft:lapis_lazuli": {
    "runtime_id": 414,
    "component_based": false
  },
  "minecraft:lapis_ore": {
    "runtime_id": 21,
    "component_based": false
  },
  "minecraft:large_amethyst_bud": {
    "runtime_id": -330,
    "component_based": false
  },
  "minecraft:lava": {
    "runtime_id": 11,
    "component_based": false
  },
  "minecraft:lava_bucket": {
    "runtime_id": 363,
    "component_based": false
  },
  "minecraft:lava_cauldron": {
    "runtime_id": -210,
    "component_based": false
  },
  "minecraft:lead": {
    "runtime_id": 547,
    "component_based": false
  },
  "minecraft:leather": {
    "runtime_id": 381,
    "component_based": false
  },
  "minecraft:leather_boots": {
    "runtime_id": 338,
    "component_based": false
  },
  "minecraft:leather_chestplate": {
    "runtime_id": 336,
    "component_based": false
  },
  "minecraft:leather_helmet": {
    "runtime_id": 335,
    "component_based": false
  },
  "minecraft:leather_horse_armor": {
    "runtime_id": 530,
    "component_based": false
  },
  "minecraft:leather_leggings": {
    "runtime_id": 337,
    "component_based": false
  },
  "minecraft:leaves": {
    "runtime_id": 18,
    "component_based": false
  },
  "minecraft:leaves2": {
    "runtime_id": 161,
    "component_based": false
  },
  "minecraft:lectern": {
    "runtime_id": -194,
    "component_based": false
  },
  "minecraft:lever": {
    "runtime_id": 69,
    "component_based": false
  },
  "minecraft:light_block": {
    "runtime_id": -215,
    "component_based": false
  },
  "minecraft:light_blue_dye": {
    "runtime_id": 407,
    "component_based": false
  },
  "minecraft:light_blue_glazed_terracotta": {
    "runtime_id": 223,
    "component_based": false
  },
  "minecraft:light_gray_dye": {
    "runtime_id": 402,
    "component_based": false
  },
  "minecraft:light_weighted_pressure_plate": {
    "runtime_id": 147,
    "component_based": false
  },
  "minecraft:lightning_rod": {
    "runtime_id": -312,
    "component_based": false
  },
  "minecraft:lime_dye": {
    "runtime_id": 405,
    "component_based": false
  },
  "minecraft:lime_glazed_terracotta": {
    "runtime_id": 225,
    "component_based": false
  },
  "minecraft:lingering_potion": {
    "runtime_id": 562,
    "component_based": false
  },
  "minecraft:lit_blast_furnace": {
    "runtime_id": -214,
    "component_based": false
  },
  "minecraft:lit_deepslate_redstone_ore": {
    "runtime_id": -404,
    "component_based": false
  },
  "minecraft:lit_furnace": {
    "runtime_id": 62,
    "component_based": false
  },
  "minecraft:lit_pumpkin": {
    "runtime_id": 91,
    "component_based": false
  },
  "minecraft:lit_redstone_lamp": {
    "runtime_id": 124,
    "component_based": false
  },
  "minecraft:lit_redstone_ore": {
    "runtime_id": 74,
    "component_based": false
  },
  "minecraft:lit_smoker": {
    "runtime_id": -199,
    "component_based": false
  },
  "minecraft:llama_spawn_egg": {
    "runtime_id": 473,
    "component_based": false
  },
  "minecraft:lodestone": {
    "runtime_id": -222,
    "component_based": false
  },
  "minecraft:lodestone_compass": {
    "runtime_id": 601,
    "component_based": false
  },
  "minecraft:log": {
    "runtime_id": 17,
    "component_based": false
  },
  "minecraft:log2": {
    "runtime_id": 162,
    "component_based": false
  },
  "minecraft:loom": {
    "runtime_id": -204,
    "component_based": false
  },
  "minecraft:magenta_dye": {
    "runtime_id": 408,
    "component_based": false
  },
  "minecraft:magenta_glazed_terracotta": {
    "runtime_id": 222,
    "component_based": false
  },
  "minecraft:magma": {
    "runtime_id": 213,
    "component_based": false
  },
  "minecraft:magma_cream": {
    "runtime_id": 430,
    "component_based": false
  },
  "minecraft:magma_cube_spawn_egg": {
    "runtime_id": 455,
    "component_based": false
  },
  "minecraft:medicine": {
    "runtime_id": 599,
    "component_based": false
  },
  "minecraft:medium_amethyst_bud": {
    "runtime_id": -331,
    "component_based": false
  },
  "minecraft:melon_block": {
    "runtime_id": 103,
    "component_based": false
  },
  "minecraft:melon_seeds": {
    "runtime_id": 293,
    "component_based": false
  },
  "minecraft:melon_slice": {
    "runtime_id": 272,
    "component_based": false
  },
  "minecraft:melon_stem": {
    "runtime_id": 105,
    "component_based": false
  },
  "minecraft:milk_bucket": {
    "runtime_id": 361,
    "component_based": false
  },
  "minecraft:minecart": {
    "runtime_id": 370,
    "component_based": false
  },
  "minecraft:mob_spawner": {
    "runtime_id": 52,
    "component_based": false
  },
  "minecraft:mojang_banner_pattern": {
    "runtime_id": 584,
    "component_based": false
  },
  "minecraft:monster_egg": {
    "runtime_id": 97,
    "component_based": false
  },
  "minecraft:mooshroom_spawn_egg": {
    "runtime_id": 440,
    "component_based": false
  },
  "minecraft:moss_block": {
    "runtime_id": -320,
    "component_based": false
  },
  "minecraft:moss_carpet": {
    "runtime_id": -335,
    "component_based": false
  },
  "minecraft:mossy_cobblestone": {
    "runtime_id": 48,
    "component_based": false
  },
  "minecraft:mossy_cobblestone_stairs": {
    "runtime_id": -179,
    "component_based": false
  },
  "minecraft:mossy_stone_brick_stairs": {
    "runtime_id": -175,
    "component_based": false
  },
  "minecraft:movingblock": {
    "runtime_id": 250,
    "component_based": false
  },
  "minecraft:mule_spawn_egg": {
    "runtime_id": 466,
    "component_based": false
  },
  "minecraft:mushroom_stew": {
    "runtime_id": 260,
    "component_based": false
  },
  "minecraft:music_disc_11": {
    "runtime_id": 544,
    "component_based": false
  },
  "minecraft:music_disc_13": {
    "runtime_id": 534,
    "component_based": false
  },
  "minecraft:music_disc_blocks": {
    "runtime_id": 536,
    "component_based": false
  },
  "minecraft:music_disc_cat": {
    "runtime_id": 535,
    "component_based": false
  },
  "minecraft:music_disc_chirp": {
    "runtime_id": 537,
    "component_based": false
  },
  "minecraft:music_disc_far": {
    "runtime_id": 538,
    "component_based": false
  },
  "minecraft:music_disc_mall": {
    "runtime_id": 539,
    "component_based": false
  },
  "minecraft:music_disc_mellohi": {
    "runtime_id": 540,
    "component_based": false
  },
  "minecraft:music_disc_pigstep": {
    "runtime_id": 619,
    "component_based": false
  },
  "minecraft:music_disc_stal": {
    "runtime_id": 541,
    "component_based": false
  },
  "minecraft:music_disc_strad": {
    "runtime_id": 542,
    "component_based": false
  },
  "minecraft:music_disc_wait": {
    "runtime_id": 545,
    "component_based": false
  },
  "minecraft:music_disc_ward": {
    "runtime_id": 543,
    "component_based": false
  },
  "minecraft:mutton": {
    "runtime_id": 550,
    "component_based": false
  },
  "minecraft:mycelium": {
    "runtime_id": 110,
    "component_based": false
  },
  "minecraft:name_tag": {
    "runtime_id": 548,
    "component_based": false
  },
  "minecraft:nautilus_shell": {
    "runtime_id": 570,
    "component_based": false
  },
  "minecraft:nether_brick": {
    "runtime_id": 112,
    "component_based": false
  },
  "minecraft:nether_brick_fence": {
    "runtime_id": 113,
    "component_based": false
  },
  "minecraft:nether_brick_stairs": {
    "runtime_id": 114,
    "component_based": false
  },
  "minecraft:nether_gold_ore": {
    "runtime_id": -288,
    "component_based": false
  },
  "minecraft:nether_sprouts": {
    "runtime_id": 620,
    "component_based": false
  },
  "minecraft:nether_star": {
    "runtime_id": 518,
    "component_based": false
  },
  "minecraft:nether_wart": {
    "runtime_id": 294,
    "component_based": false
  },
  "minecraft:nether_wart_block": {
    "runtime_id": 214,
    "component_based": false
  },
  "minecraft:netherbrick": {
    "runtime_id": 523,
    "component_based": false
  },
  "minecraft:netherite_axe": {
    "runtime_id": 606,
    "component_based": false
  },
  "minecraft:netherite_block": {
    "runtime_id": -270,
    "component_based": false
  },
  "minecraft:netherite_boots": {
    "runtime_id": 611,
    "component_based": false
  },
  "minecraft:netherite_chestplate": {
    "runtime_id": 609,
    "component_based": false
  },
  "minecraft:netherite_helmet": {
    "runtime_id": 608,
    "component_based": false
  },
  "minecraft:netherite_hoe": {
    "runtime_id": 607,
    "component_based": false
  },
  "minecraft:netherite_ingot": {
    "runtime_id": 602,
    "component_based": false
  },
  "minecraft:netherite_leggings": {
    "runtime_id": 610,
    "component_based": false
  },
  "minecraft:netherite_pickaxe": {
    "runtime_id": 605,
    "component_based": false
  },
  "minecraft:netherite_scrap": {
    "runtime_id": 612,
    "component_based": false
  },
  "minecraft:netherite_shovel": {
    "runtime_id": 604,
    "component_based": false
  },
  "minecraft:netherite_sword": {
    "runtime_id": 603,
    "component_based": false
  },
  "minecraft:netherrack": {
    "runtime_id": 87,
    "component_based": false
  },
  "minecraft:netherreactor": {
    "runtime_id": 247,
    "component_based": false
  },
  "minecraft:normal_stone_stairs": {
    "runtime_id": -180,
    "component_based": false
  },
  "minecraft:noteblock": {
    "runtime_id": 25,
    "component_based": false
  },
  "minecraft:npc_spawn_egg": {
    "runtime_id": 470,
    "component_based": false
  },
  "minecraft:oak_boat": {
    "runtime_id": 375,
    "component_based": false
  },
  "minecraft:oak_sign": {
    "runtime_id": 358,
    "component_based": false
  },
  "minecraft:oak_stairs": {
    "runtime_id": 53,
    "component_based": false
  },
  "minecraft:observer": {
    "runtime_id": 251,
    "component_based": false
  },
  "minecraft:obsidian": {
    "runtime_id": 49,
    "component_based": false
  },
  "minecraft:ocelot_spawn_egg": {
    "runtime_id": 451,
    "component_based": false
  },
  "minecraft:orange_dye": {
    "runtime_id": 409,
    "component_based": false
  },
  "minecraft:orange_glazed_terracotta": {
    "runtime_id": 221,
    "component_based": false
  },
  "minecraft:oxidized_copper": {
    "runtime_id": -343,
    "component_based": false
  },
  "minecraft:oxidized_cut_copper": {
    "runtime_id": -350,
    "component_based": false
  },
  "minecraft:oxidized_cut_copper_slab": {
    "runtime_id": -364,
    "component_based": false
  },
  "minecraft:oxidized_cut_copper_stairs": {
    "runtime_id": -357,
    "component_based": false
  },
  "minecraft:oxidized_double_cut_copper_slab": {
    "runtime_id": -371,
    "component_based": false
  },
  "minecraft:packed_ice": {
    "runtime_id": 174,
    "component_based": false
  },
  "minecraft:painting": {
    "runtime_id": 357,
    "component_based": false
  },
  "minecraft:panda_spawn_egg": {
    "runtime_id": 489,
    "component_based": false
  },
  "minecraft:paper": {
    "runtime_id": 386,
    "component_based": false
  },
  "minecraft:parrot_spawn_egg": {
    "runtime_id": 478,
    "component_based": false
  },
  "minecraft:phantom_membrane": {
    "runtime_id": 574,
    "component_based": false
  },
  "minecraft:phantom_spawn_egg": {
    "runtime_id": 486,
    "component_based": false
  },
  "minecraft:pig_spawn_egg": {
    "runtime_id": 437,
    "component_based": false
  },
  "minecraft:piglin_banner_pattern": {
    "runtime_id": 587,
    "component_based": false
  },
  "minecraft:piglin_brute_spawn_egg": {
    "runtime_id": 499,
    "component_based": false
  },
  "minecraft:piglin_spawn_egg": {
    "runtime_id": 497,
    "component_based": false
  },
  "minecraft:pillager_spawn_egg": {
    "runtime_id": 491,
    "component_based": false
  },
  "minecraft:pink_dye": {
    "runtime_id": 404,
    "component_based": false
  },
  "minecraft:pink_glazed_terracotta": {
    "runtime_id": 226,
    "component_based": false
  },
  "minecraft:piston": {
    "runtime_id": 33,
    "component_based": false
  },
  "minecraft:pistonarmcollision": {
    "runtime_id": 34,
    "component_based": false
  },
  "minecraft:planks": {
    "runtime_id": 5,
    "component_based": false
  },
  "minecraft:podzol": {
    "runtime_id": 243,
    "component_based": false
  },
  "minecraft:pointed_dripstone": {
    "runtime_id": -308,
    "component_based": false
  },
  "minecraft:poisonous_potato": {
    "runtime_id": 282,
    "component_based": false
  },
  "minecraft:polar_bear_spawn_egg": {
    "runtime_id": 472,
    "component_based": false
  },
  "minecraft:polished_andesite_stairs": {
    "runtime_id": -174,
    "component_based": false
  },
  "minecraft:polished_basalt": {
    "runtime_id": -235,
    "component_based": false
  },
  "minecraft:polished_blackstone": {
    "runtime_id": -291,
    "component_based": false
  },
  "minecraft:polished_blackstone_brick_double_slab": {
    "runtime_id": -285,
    "component_based": false
  },
  "minecraft:polished_blackstone_brick_slab": {
    "runtime_id": -284,
    "component_based": false
  },
  "minecraft:polished_blackstone_brick_stairs": {
    "runtime_id": -275,
    "component_based": false
  },
  "minecraft:polished_blackstone_brick_wall": {
    "runtime_id": -278,
    "component_based": false
  },
  "minecraft:polished_blackstone_bricks": {
    "runtime_id": -274,
    "component_based": false
  },
  "minecraft:polished_blackstone_button": {
    "runtime_id": -296,
    "component_based": false
  },
  "minecraft:polished_blackstone_double_slab": {
    "runtime_id": -294,
    "component_based": false
  },
  "minecraft:polished_blackstone_pressure_plate": {
    "runtime_id": -295,
    "component_based": false
  },
  "minecraft:polished_blackstone_slab": {
    "runtime_id": -293,
    "component_based": false
  },
  "minecraft:polished_blackstone_stairs": {
    "runtime_id": -292,
    "component_based": false
  },
  "minecraft:polished_blackstone_wall": {
    "runtime_id": -297,
    "component_based": false
  },
  "minecraft:polished_deepslate": {
    "runtime_id": -383,
    "component_based": false
  },
  "minecraft:polished_deepslate_double_slab": {
    "runtime_id": -397,
    "component_based": false
  },
  "minecraft:polished_deepslate_slab": {
    "runtime_id": -384,
    "component_based": false
  },
  "minecraft:polished_deepslate_stairs": {
    "runtime_id": -385,
    "component_based": false
  },
  "minecraft:polished_deepslate_wall": {
    "runtime_id": -386,
    "component_based": false
  },
  "minecraft:polished_diorite_stairs": {
    "runtime_id": -173,
    "component_based": false
  },
  "minecraft:polished_granite_stairs": {
    "runtime_id": -172,
    "component_based": false
  },
  "minecraft:popped_chorus_fruit": {
    "runtime_id": 559,
    "component_based": false
  },
  "minecraft:porkchop": {
    "runtime_id": 262,
    "component_based": false
  },
  "minecraft:portal": {
    "runtime_id": 90,
    "component_based": false
  },
  "minecraft:potato": {
    "runtime_id": 280,
    "component_based": false
  },
  "minecraft:potatoes": {
    "runtime_id": 142,
    "component_based": false
  },
  "minecraft:potion": {
    "runtime_id": 426,
    "component_based": false
  },
  "minecraft:powder_snow": {
    "runtime_id": -306,
    "component_based": false
  },
  "minecraft:powder_snow_bucket": {
    "runtime_id": 368,
    "component_based": false
  },
  "minecraft:powered_comparator": {
    "runtime_id": 150,
    "component_based": false
  },
  "minecraft:powered_repeater": {
    "runtime_id": 94,
    "component_based": false
  },
  "minecraft:prismarine": {
    "runtime_id": 168,
    "component_based": false
  },
  "minecraft:prismarine_bricks_stairs": {
    "runtime_id": -4,
    "component_based": false
  },
  "minecraft:prismarine_crystals": {
    "runtime_id": 549,
    "component_based": false
  },
  "minecraft:prismarine_shard": {
    "runtime_id": 565,
    "component_based": false
  },
  "minecraft:prismarine_stairs": {
    "runtime_id": -2,
    "component_based": false
  },
  "minecraft:pufferfish": {
    "runtime_id": 267,
    "component_based": false
  },
  "minecraft:pufferfish_bucket": {
    "runtime_id": 367,
    "component_based": false
  },
  "minecraft:pufferfish_spawn_egg": {
    "runtime_id": 481,
    "component_based": false
  },
  "minecraft:pumpkin": {
    "runtime_id": 86,
    "component_based": false
  },
  "minecraft:pumpkin_pie": {
    "runtime_id": 284,
    "component_based": false
  },
  "minecraft:pumpkin_seeds": {
    "runtime_id": 292,
    "component_based": false
  },
  "minecraft:pumpkin_stem": {
    "runtime_id": 104,
    "component_based": false
  },
  "minecraft:purple_dye": {
    "runtime_id": 400,
    "component_based": false
  },
  "minecraft:purple_glazed_terracotta": {
    "runtime_id": 219,
    "component_based": false
  },
  "minecraft:purpur_block": {
    "runtime_id": 201,
    "component_based": false
  },
  "minecraft:purpur_stairs": {
    "runtime_id": 203,
    "component_based": false
  },
  "minecraft:quartz": {
    "runtime_id": 524,
    "component_based": false
  },
  "minecraft:quartz_block": {
    "runtime_id": 155,
    "component_based": false
  },
  "minecraft:quartz_bricks": {
    "runtime_id": -304,
    "component_based": false
  },
  "minecraft:quartz_ore": {
    "runtime_id": 153,
    "component_based": false
  },
  "minecraft:quartz_stairs": {
    "runtime_id": 156,
    "component_based": false
  },
  "minecraft:rabbit": {
    "runtime_id": 288,
    "component_based": false
  },
  "minecraft:rabbit_foot": {
    "runtime_id": 528,
    "component_based": false
  },
  "minecraft:rabbit_hide": {
    "runtime_id": 529,
    "component_based": false
  },
  "minecraft:rabbit_spawn_egg": {
    "runtime_id": 459,
    "component_based": false
  },
  "minecraft:rabbit_stew": {
    "runtime_id": 290,
    "component_based": false
  },
  "minecraft:rail": {
    "runtime_id": 66,
    "component_based": false
  },
  "minecraft:rapid_fertilizer": {
    "runtime_id": 597,
    "component_based": false
  },
  "minecraft:ravager_spawn_egg": {
    "runtime_id": 493,
    "component_based": false
  },
  "minecraft:raw_copper": {
    "runtime_id": 507,
    "component_based": false
  },
  "minecraft:raw_copper_block": {
    "runtime_id": -452,
    "component_based": false
  },
  "minecraft:raw_gold": {
    "runtime_id": 506,
    "component_based": false
  },
  "minecraft:raw_gold_block": {
    "runtime_id": -453,
    "component_based": false
  },
  "minecraft:raw_iron": {
    "runtime_id": 505,
    "component_based": false
  },
  "minecraft:raw_iron_block": {
    "runtime_id": -451,
    "component_based": false
  },
  "minecraft:real_double_stone_slab": {
    "runtime_id": 43,
    "component_based": false
  },
  "minecraft:real_double_stone_slab2": {
    "runtime_id": 181,
    "component_based": false
  },
  "minecraft:real_double_stone_slab3": {
    "runtime_id": -167,
    "component_based": false
  },
  "minecraft:real_double_stone_slab4": {
    "runtime_id": -168,
    "component_based": false
  },
  "minecraft:red_dye": {
    "runtime_id": 396,
    "component_based": false
  },
  "minecraft:red_flower": {
    "runtime_id": 38,
    "component_based": false
  },
  "minecraft:red_glazed_terracotta": {
    "runtime_id": 234,
    "component_based": false
  },
  "minecraft:red_mushroom": {
    "runtime_id": 40,
    "component_based": false
  },
  "minecraft:red_mushroom_block": {
    "runtime_id": 100,
    "component_based": false
  },
  "minecraft:red_nether_brick": {
    "runtime_id": 215,
    "component_based": false
  },
  "minecraft:red_nether_brick_stairs": {
    "runtime_id": -184,
    "component_based": false
  },
  "minecraft:red_sandstone": {
    "runtime_id": 179,
    "component_based": false
  },
  "minecraft:red_sandstone_stairs": {
    "runtime_id": 180,
    "component_based": false
  },
  "minecraft:redstone": {
    "runtime_id": 373,
    "component_based": false
  },
  "minecraft:redstone_block": {
    "runtime_id": 152,
    "component_based": false
  },
  "minecraft:redstone_lamp": {
    "runtime_id": 123,
    "component_based": false
  },
  "minecraft:redstone_ore": {
    "runtime_id": 73,
    "component_based": false
  },
  "minecraft:redstone_torch": {
    "runtime_id": 76,
    "component_based": false
  },
  "minecraft:redstone_wire": {
    "runtime_id": 55,
    "component_based": false
  },
  "minecraft:repeater": {
    "runtime_id": 419,
    "component_based": false
  },
  "minecraft:repeating_command_block": {
    "runtime_id": 188,
    "component_based": false
  },
  "minecraft:reserved6": {
    "runtime_id": 255,
    "component_based": false
  },
  "minecraft:respawn_anchor": {
    "runtime_id": -272,
    "component_based": false
  },
  "minecraft:rotten_flesh": {
    "runtime_id": 277,
    "component_based": false
  },
  "minecraft:saddle": {
    "runtime_id": 371,
    "component_based": false
  },
  "minecraft:salmon": {
    "runtime_id": 265,
    "component_based": false
  },
  "minecraft:salmon_bucket": {
    "runtime_id": 365,
    "component_based": false
  },
  "minecraft:salmon_spawn_egg": {
    "runtime_id": 482,
    "component_based": false
  },
  "minecraft:sand": {
    "runtime_id": 12,
    "component_based": false
  },
  "minecraft:sandstone": {
    "runtime_id": 24,
    "component_based": false
  },
  "minecraft:sandstone_stairs": {
    "runtime_id": 128,
    "component_based": false
  },
  "minecraft:sapling": {
    "runtime_id": 6,
    "component_based": false
  },
  "minecraft:scaffolding": {
    "runtime_id": -165,
    "component_based": false
  },
  "minecraft:sculk_sensor": {
    "runtime_id": -307,
    "component_based": false
  },
  "minecraft:scute": {
    "runtime_id": 572,
    "component_based": false
  },
  "minecraft:sea_pickle": {
    "runtime_id": -156,
    "component_based": false
  },
  "minecraft:seagrass": {
    "runtime_id": -130,
    "component_based": false
  },
  "minecraft:sealantern": {
    "runtime_id": 169,
    "component_based": false
  },
  "minecraft:shears": {
    "runtime_id": 421,
    "component_based": false
  },
  "minecraft:sheep_spawn_egg": {
    "runtime_id": 438,
    "component_based": false
  },
  "minecraft:shield": {
    "runtime_id": 355,
    "component_based": false
  },
  "minecraft:shroomlight": {
    "runtime_id": -230,
    "component_based": false
  },
  "minecraft:shulker_box": {
    "runtime_id": 218,
    "component_based": false
  },
  "minecraft:shulker_shell": {
    "runtime_id": 566,
    "component_based": false
  },
  "minecraft:shulker_spawn_egg": {
    "runtime_id": 469,
    "component_based": false
  },
  "minecraft:silver_glazed_terracotta": {
    "runtime_id": 228,
    "component_based": false
  },
  "minecraft:silverfish_spawn_egg": {
    "runtime_id": 443,
    "component_based": false
  },
  "minecraft:skeleton_horse_spawn_egg": {
    "runtime_id": 467,
    "component_based": false
  },
  "minecraft:skeleton_spawn_egg": {
    "runtime_id": 444,
    "component_based": false
  },
  "minecraft:skull": {
    "runtime_id": 516,
    "component_based": false
  },
  "minecraft:skull_banner_pattern": {
    "runtime_id": 583,
    "component_based": false
  },
  "minecraft:slime": {
    "runtime_id": 165,
    "component_based": false
  },
  "minecraft:slime_ball": {
    "runtime_id": 388,
    "component_based": false
  },
  "minecraft:slime_spawn_egg": {
    "runtime_id": 445,
    "component_based": false
  },
  "minecraft:small_amethyst_bud": {
    "runtime_id": -332,
    "component_based": false
  },
  "minecraft:small_dripleaf_block": {
    "runtime_id": -336,
    "component_based": false
  },
  "minecraft:smithing_table": {
    "runtime_id": -202,
    "component_based": false
  },
  "minecraft:smoker": {
    "runtime_id": -198,
    "component_based": false
  },
  "minecraft:smooth_basalt": {
    "runtime_id": -377,
    "component_based": false
  },
  "minecraft:smooth_quartz_stairs": {
    "runtime_id": -185,
    "component_based": false
  },
  "minecraft:smooth_red_sandstone_stairs": {
    "runtime_id": -176,
    "component_based": false
  },
  "minecraft:smooth_sandstone_stairs": {
    "runtime_id": -177,
    "component_based": false
  },
  "minecraft:smooth_stone": {
    "runtime_id": -183,
    "component_based": false
  },
  "minecraft:snow": {
    "runtime_id": 80,
    "component_based": false
  },
  "minecraft:snow_layer": {
    "runtime_id": 78,
    "component_based": false
  },
  "minecraft:snowball": {
    "runtime_id": 374,
    "component_based": false
  },
  "minecraft:soul_campfire": {
    "runtime_id": 621,
    "component_based": false
  },
  "minecraft:soul_fire": {
    "runtime_id": -237,
    "component_based": false
  },
  "minecraft:soul_lantern": {
    "runtime_id": -269,
    "component_based": false
  },
  "minecraft:soul_sand": {
    "runtime_id": 88,
    "component_based": false
  },
  "minecraft:soul_soil": {
    "runtime_id": -236,
    "component_based": false
  },
  "minecraft:soul_torch": {
    "runtime_id": -268,
    "component_based": false
  },
  "minecraft:sparkler": {
    "runtime_id": 600,
    "component_based": false
  },
  "minecraft:spawn_egg": {
    "runtime_id": 629,
    "component_based": false
  },
  "minecraft:spider_eye": {
    "runtime_id": 278,
    "component_based": false
  },
  "minecraft:spider_spawn_egg": {
    "runtime_id": 446,
    "component_based": false
  },
  "minecraft:splash_potion": {
    "runtime_id": 561,
    "component_based": false
  },
  "minecraft:sponge": {
    "runtime_id": 19,
    "component_based": false
  },
  "minecraft:spore_blossom": {
    "runtime_id": -321,
    "component_based": false
  },
  "minecraft:spruce_boat": {
    "runtime_id": 378,
    "component_based": false
  },
  "minecraft:spruce_button": {
    "runtime_id": -144,
    "component_based": false
  },
  "minecraft:spruce_door": {
    "runtime_id": 553,
    "component_based": false
  },
  "minecraft:spruce_fence_gate": {
    "runtime_id": 183,
    "component_based": false
  },
  "minecraft:spruce_pressure_plate": {
    "runtime_id": -154,
    "component_based": false
  },
  "minecraft:spruce_sign": {
    "runtime_id": 576,
    "component_based": false
  },
  "minecraft:spruce_stairs": {
    "runtime_id": 134,
    "component_based": false
  },
  "minecraft:spruce_standing_sign": {
    "runtime_id": -181,
    "component_based": false
  },
  "minecraft:spruce_trapdoor": {
    "runtime_id": -149,
    "component_based": false
  },
  "minecraft:spruce_wall_sign": {
    "runtime_id": -182,
    "component_based": false
  },
  "minecraft:spyglass": {
    "runtime_id": 625,
    "component_based": false
  },
  "minecraft:squid_spawn_egg": {
    "runtime_id": 450,
    "component_based": false
  },
  "minecraft:stained_glass": {
    "runtime_id": 241,
    "component_based": false
  },
  "minecraft:stained_glass_pane": {
    "runtime_id": 160,
    "component_based": false
  },
  "minecraft:stained_hardened_clay": {
    "runtime_id": 159,
    "component_based": false
  },
  "minecraft:standing_banner": {
    "runtime_id": 176,
    "component_based": false
  },
  "minecraft:standing_sign": {
    "runtime_id": 63,
    "component_based": false
  },
  "minecraft:stick": {
    "runtime_id": 320,
    "component_based": false
  },
  "minecraft:sticky_piston": {
    "runtime_id": 29,
    "component_based": false
  },
  "minecraft:stickypistonarmcollision": {
    "runtime_id": -217,
    "component_based": false
  },
  "minecraft:stone": {
    "runtime_id": 1,
    "component_based": false
  },
  "minecraft:stone_axe": {
    "runtime_id": 315,
    "component_based": false
  },
  "minecraft:stone_brick_stairs": {
    "runtime_id": 109,
    "component_based": false
  },
  "minecraft:stone_button": {
    "runtime_id": 77,
    "component_based": false
  },
  "minecraft:stone_hoe": {
    "runtime_id": 330,
    "component_based": false
  },
  "minecraft:stone_pickaxe": {
    "runtime_id": 314,
    "component_based": false
  },
  "minecraft:stone_pressure_plate": {
    "runtime_id": 70,
    "component_based": false
  },
  "minecraft:stone_shovel": {
    "runtime_id": 313,
    "component_based": false
  },
  "minecraft:stone_stairs": {
    "runtime_id": 67,
    "component_based": false
  },
  "minecraft:stone_sword": {
    "runtime_id": 312,
    "component_based": false
  },
  "minecraft:stonebrick": {
    "runtime_id": 98,
    "component_based": false
  },
  "minecraft:stonecutter": {
    "runtime_id": 245,
    "component_based": false
  },
  "minecraft:stonecutter_block": {
    "runtime_id": -197,
    "component_based": false
  },
  "minecraft:stray_spawn_egg": {
    "runtime_id": 462,
    "component_based": false
  },
  "minecraft:strider_spawn_egg": {
    "runtime_id": 495,
    "component_based": false
  },
  "minecraft:string": {
    "runtime_id": 326,
    "component_based": false
  },
  "minecraft:stripped_acacia_log": {
    "runtime_id": -8,
    "component_based": false
  },
  "minecraft:stripped_birch_log": {
    "runtime_id": -6,
    "component_based": false
  },
  "minecraft:stripped_crimson_hyphae": {
    "runtime_id": -300,
    "component_based": false
  },
  "minecraft:stripped_crimson_stem": {
    "runtime_id": -240,
    "component_based": false
  },
  "minecraft:stripped_dark_oak_log": {
    "runtime_id": -9,
    "component_based": false
  },
  "minecraft:stripped_jungle_log": {
    "runtime_id": -7,
    "component_based": false
  },
  "minecraft:stripped_oak_log": {
    "runtime_id": -10,
    "component_based": false
  },
  "minecraft:stripped_spruce_log": {
    "runtime_id": -5,
    "component_based": false
  },
  "minecraft:stripped_warped_hyphae": {
    "runtime_id": -301,
    "component_based": false
  },
  "minecraft:stripped_warped_stem": {
    "runtime_id": -241,
    "component_based": false
  },
  "minecraft:structure_block": {
    "runtime_id": 252,
    "component_based": false
  },
  "minecraft:structure_void": {
    "runtime_id": 217,
    "component_based": false
  },
  "minecraft:sugar": {
    "runtime_id": 416,
    "component_based": false
  },
  "minecraft:sugar_cane": {
    "runtime_id": 385,
    "component_based": false
  },
  "minecraft:suspicious_stew": {
    "runtime_id": 589,
    "component_based": false
  },
  "minecraft:sweet_berries": {
    "runtime_id": 287,
    "component_based": false
  },
  "minecraft:sweet_berry_bush": {
    "runtime_id": -207,
    "component_based": false
  },
  "minecraft:tallgrass": {
    "runtime_id": 31,
    "component_based": false
  },
  "minecraft:target": {
    "runtime_id": -239,
    "component_based": false
  },
  "minecraft:tinted_glass": {
    "runtime_id": -334,
    "component_based": false
  },
  "minecraft:tnt": {
    "runtime_id": 46,
    "component_based": false
  },
  "minecraft:tnt_minecart": {
    "runtime_id": 525,
    "component_based": false
  },
  "minecraft:torch": {
    "runtime_id": 50,
    "component_based": false
  },
  "minecraft:totem_of_undying": {
    "runtime_id": 568,
    "component_based": false
  },
  "minecraft:trapdoor": {
    "runtime_id": 96,
    "component_based": false
  },
  "minecraft:trapped_chest": {
    "runtime_id": 146,
    "component_based": false
  },
  "minecraft:trident": {
    "runtime_id": 546,
    "component_based": false
  },
  "minecraft:tripwire": {
    "runtime_id": 132,
    "component_based": false
  },
  "minecraft:tripwire_hook": {
    "runtime_id": 131,
    "component_based": false
  },
  "minecraft:tropical_fish": {
    "runtime_id": 266,
    "component_based": false
  },
  "minecraft:tropical_fish_bucket": {
    "runtime_id": 366,
    "component_based": false
  },
  "minecraft:tropical_fish_spawn_egg": {
    "runtime_id": 479,
    "component_based": false
  },
  "minecraft:tuff": {
    "runtime_id": -333,
    "component_based": false
  },
  "minecraft:turtle_egg": {
    "runtime_id": -159,
    "component_based": false
  },
  "minecraft:turtle_helmet": {
    "runtime_id": 573,
    "component_based": false
  },
  "minecraft:turtle_spawn_egg": {
    "runtime_id": 485,
    "component_based": false
  },
  "minecraft:twisting_vines": {
    "runtime_id": -287,
    "component_based": false
  },
  "minecraft:underwater_torch": {
    "runtime_id": 239,
    "component_based": false
  },
  "minecraft:undyed_shulker_box": {
    "runtime_id": 205,
    "component_based": false
  },
  "minecraft:unknown": {
    "runtime_id": -305,
    "component_based": false
  },
  "minecraft:unlit_redstone_torch": {
    "runtime_id": 75,
    "component_based": false
  },
  "minecraft:unpowered_comparator": {
    "runtime_id": 149,
    "component_based": false
  },
  "minecraft:unpowered_repeater": {
    "runtime_id": 93,
    "component_based": false
  },
  "minecraft:vex_spawn_egg": {
    "runtime_id": 476,
    "component_based": false
  },
  "minecraft:villager_spawn_egg": {
    "runtime_id": 449,
    "component_based": false
  },
  "minecraft:vindicator_spawn_egg": {
    "runtime_id": 474,
    "component_based": false
  },
  "minecraft:vine": {
    "runtime_id": 106,
    "component_based": false
  },
  "minecraft:wall_banner": {
    "runtime_id": 177,
    "component_based": false
  },
  "minecraft:wall_sign": {
    "runtime_id": 68,
    "component_based": false
  },
  "minecraft:wandering_trader_spawn_egg": {
    "runtime_id": 492,
    "component_based": false
  },
  "minecraft:warped_button": {
    "runtime_id": -261,
    "component_based": false
  },
  "minecraft:warped_door": {
    "runtime_id": 616,
    "component_based": false
  },
  "minecraft:warped_double_slab": {
    "runtime_id": -267,
    "component_based": false
  },
  "minecraft:warped_fence": {
    "runtime_id": -257,
    "component_based": false
  },
  "minecraft:warped_fence_gate": {
    "runtime_id": -259,
    "component_based": false
  },
  "minecraft:warped_fungus": {
    "runtime_id": -229,
    "component_based": false
  },
  "minecraft:warped_fungus_on_a_stick": {
    "runtime_id": 617,
    "component_based": false
  },
  "minecraft:warped_hyphae": {
    "runtime_id": -298,
    "component_based": false
  },
  "minecraft:warped_nylium": {
    "runtime_id": -233,
    "component_based": false
  },
  "minecraft:warped_planks": {
    "runtime_id": -243,
    "component_based": false
  },
  "minecraft:warped_pressure_plate": {
    "runtime_id": -263,
    "component_based": false
  },
  "minecraft:warped_roots": {
    "runtime_id": -224,
    "component_based": false
  },
  "minecraft:warped_sign": {
    "runtime_id": 614,
    "component_based": false
  },
  "minecraft:warped_slab": {
    "runtime_id": -265,
    "component_based": false
  },
  "minecraft:warped_stairs": {
    "runtime_id": -255,
    "component_based": false
  },
  "minecraft:warped_standing_sign": {
    "runtime_id": -251,
    "component_based": false
  },
  "minecraft:warped_stem": {
    "runtime_id": -226,
    "component_based": false
  },
  "minecraft:warped_trapdoor": {
    "runtime_id": -247,
    "component_based": false
  },
  "minecraft:warped_wall_sign": {
    "runtime_id": -253,
    "component_based": false
  },
  "minecraft:warped_wart_block": {
    "runtime_id": -227,
    "component_based": false
  },
  "minecraft:water": {
    "runtime_id": 9,
    "component_based": false
  },
  "minecraft:water_bucket": {
    "runtime_id": 362,
    "component_based": false
  },
  "minecraft:waterlily": {
    "runtime_id": 111,
    "component_based": false
  },
  "minecraft:waxed_copper": {
    "runtime_id": -344,
    "component_based": false
  },
  "minecraft:waxed_cut_copper": {
    "runtime_id": -351,
    "component_based": false
  },
  "minecraft:waxed_cut_copper_slab": {
    "runtime_id": -365,
    "component_based": false
  },
  "minecraft:waxed_cut_copper_stairs": {
    "runtime_id": -358,
    "component_based": false
  },
  "minecraft:waxed_double_cut_copper_slab": {
    "runtime_id": -372,
    "component_based": false
  },
  "minecraft:waxed_exposed_copper": {
    "runtime_id": -345,
    "component_based": false
  },
  "minecraft:waxed_exposed_cut_copper": {
    "runtime_id": -352,
    "component_based": false
  },
  "minecraft:waxed_exposed_cut_copper_slab": {
    "runtime_id": -366,
    "component_based": false
  },
  "minecraft:waxed_exposed_cut_copper_stairs": {
    "runtime_id": -359,
    "component_based": false
  },
  "minecraft:waxed_exposed_double_cut_copper_slab": {
    "runtime_id": -373,
    "component_based": false
  },
  "minecraft:waxed_oxidized_copper": {
    "runtime_id": -446,
    "component_based": false
  },
  "minecraft:waxed_oxidized_cut_copper": {
    "runtime_id": -447,
    "component_based": false
  },
  "minecraft:waxed_oxidized_cut_copper_slab": {
    "runtime_id": -449,
    "component_based": false
  },
  "minecraft:waxed_oxidized_cut_copper_stairs": {
    "runtime_id": -448,
    "component_based": false
  },
  "minecraft:waxed_oxidized_double_cut_copper_slab": {
    "runtime_id": -450,
    "component_based": false
  },
  "minecraft:waxed_weathered_copper": {
    "runtime_id": -346,
    "component_based": false
  },
  "minecraft:waxed_weathered_cut_copper": {
    "runtime_id": -353,
    "component_based": false
  },
  "minecraft:waxed_weathered_cut_copper_slab": {
    "runtime_id": -367,
    "component_based": false
  },
  "minecraft:waxed_weathered_cut_copper_stairs": {
    "runtime_id": -360,
    "component_based": false
  },
  "minecraft:waxed_weathered_double_cut_copper_slab": {
    "runtime_id": -374,
    "component_based": false
  },
  "minecraft:weathered_copper": {
    "runtime_id": -342,
    "component_based": false
  },
  "minecraft:weathered_cut_copper": {
    "runtime_id": -349,
    "component_based": false
  },
  "minecraft:weathered_cut_copper_slab": {
    "runtime_id": -363,
    "component_based": false
  },
  "minecraft:weathered_cut_copper_stairs": {
    "runtime_id": -356,
    "component_based": false
  },
  "minecraft:weathered_double_cut_copper_slab": {
    "runtime_id": -370,
    "component_based": false
  },
  "minecraft:web": {
    "runtime_id": 30,
    "component_based": false
  },
  "minecraft:weeping_vines": {
    "runtime_id": -231,
    "component_based": false
  },
  "minecraft:wheat": {
    "runtime_id": 334,
    "component_based": false
  },
  "minecraft:wheat_seeds": {
    "runtime_id": 291,
    "component_based": false
  },
  "minecraft:white_dye": {
    "runtime_id": 410,
    "component_based": false
  },
  "minecraft:white_glazed_terracotta": {
    "runtime_id": 220,
    "component_based": false
  },
  "minecraft:witch_spawn_egg": {
    "runtime_id": 452,
    "component_based": false
  },
  "minecraft:wither_rose": {
    "runtime_id": -216,
    "component_based": false
  },
  "minecraft:wither_skeleton_spawn_egg": {
    "runtime_id": 464,
    "component_based": false
  },
  "minecraft:wolf_spawn_egg": {
    "runtime_id": 439,
    "component_based": false
  },
  "minecraft:wood": {
    "runtime_id": -212,
    "component_based": false
  },
  "minecraft:wooden_axe": {
    "runtime_id": 311,
    "component_based": false
  },
  "minecraft:wooden_button": {
    "runtime_id": 143,
    "component_based": false
  },
  "minecraft:wooden_door": {
    "runtime_id": 359,
    "component_based": false
  },
  "minecraft:wooden_hoe": {
    "runtime_id": 329,
    "component_based": false
  },
  "minecraft:wooden_pickaxe": {
    "runtime_id": 310,
    "component_based": false
  },
  "minecraft:wooden_pressure_plate": {
    "runtime_id": 72,
    "component_based": false
  },
  "minecraft:wooden_shovel": {
    "runtime_id": 309,
    "component_based": false
  },
  "minecraft:wooden_slab": {
    "runtime_id": 158,
    "component_based": false
  },
  "minecraft:wooden_sword": {
    "runtime_id": 308,
    "component_based": false
  },
  "minecraft:wool": {
    "runtime_id": 35,
    "component_based": false
  },
  "minecraft:writable_book": {
    "runtime_id": 510,
    "component_based": false
  },
  "minecraft:written_book": {
    "runtime_id": 511,
    "component_based": false
  },
  "minecraft:yellow_dye": {
    "runtime_id": 406,
    "component_based": false
  },
  "minecraft:yellow_flower": {
    "runtime_id": 37,
    "component_based": false
  },
  "minecraft:yellow_glazed_terracotta": {
    "runtime_id": 224,
    "component_based": false
  },
  "minecraft:zoglin_spawn_egg": {
    "runtime_id": 498,
    "component_based": false
  },
  "minecraft:zombie_horse_spawn_egg": {
    "runtime_id": 468,
    "component_based": false
  },
  "minecraft:zombie_pigman_spawn_egg": {
    "runtime_id": 448,
    "component_based": false
  },
  "minecraft:zombie_spawn_egg": {
    "runtime_id": 447,
    "component_based": false
  },
  "minecraft:zombie_villager_spawn_egg": {
    "runtime_id": 477,
    "component_based": false
  }
}